{
  "n_samples": 10000,
  "mean_ce": 1.3274101755346577,
  "std_ce": 0.25235950823571773,
  "mean_pdf_linf": 0.00887844490606728,
  "std_pdf_linf": 0.012103816540329694,
  "mean_cdf_linf": 0.004085800591424721,
  "std_cdf_linf": 0.0033470838079073563,
  "quantile_errors": {
    "0.5": {
      "mean": 0.004952380952380953,
      "std": 0.035117253115303934
    },
    "0.9": {
      "mean": 0.009295238095238096,
      "std": 0.047689557955800474
    },
    "0.99": {
      "mean": 0.033650793650793646,
      "std": 0.0862534483045127
    }
  }
}