{
  "train_loss": [
    1.3427741796083417,
    1.263028722167422,
    1.261659753200544,
    1.2613567945900224,
    1.2611780388363392,
    1.2608532816069933,
    1.2607903771433,
    1.2604252993043372,
    1.260377873536263,
    1.2603845348130314,
    1.2601630864696698,
    1.2601591676168475,
    1.2601626918177555,
    1.2600452881624267,
    1.260058400167133,
    1.2598991945335076,
    1.2599029526775607,
    1.2599266063638108,
    1.259790212221113,
    1.259718333494948,
    1.259750568826044,
    1.2597667806791364,
    1.2596523334548742,
    1.259560371218281,
    1.2596538837859248,
    1.2597162404158009,
    1.259593279898777,
    1.2595589350107994,
    1.2594623606359592,
    1.2595040189935078,
    1.2595475071933082,
    1.2593359760050074,
    1.2593761949002134,
    1.2593709340274537,
    1.2594074747261335,
    1.2593878755797299,
    1.259446779615643,
    1.259226151497291,
    1.259331695252311,
    1.259221274494718,
    1.2594404489107098,
    1.259502061601385,
    1.2591272482692992,
    1.2592651927430476,
    1.2592933179982286,
    1.259384799532516,
    1.2592003532644018
  ],
  "val_loss": [
    1.2642197002798825,
    1.2624309810541443,
    1.261916314141225,
    1.2614822549335027,
    1.2611454119116574,
    1.2608030448525638,
    1.261232535717851,
    1.2603446689702698,
    1.260862204988124,
    1.2603630090163926,
    1.2608088416568304,
    1.2599881806616056,
    1.2599115210064387,
    1.2606491860696825,
    1.2604295783123727,
    1.2597305188744754,
    1.260430026862581,
    1.2601577568862399,
    1.2617663589574524,
    1.2598558037968006,
    1.261757507162579,
    1.2595095250566126,
    1.25972131147223,
    1.2601910122370317,
    1.2603736731965662,
    1.2597633519415128,
    1.2599814160395477,
    1.2606527340614189,
    1.2602591352947687,
    1.2594808602737169,
    1.259761971942449,
    1.2596299001726055,
    1.260418867660781,
    1.2602236210289648,
    1.2602842500654317,
    1.2594180349576272,
    1.2595344802080575,
    1.2600205025430453,
    1.2597784753573142,
    1.2585881221092354,
    1.2604354660389787,
    1.259579048318378,
    1.2591959379487119,
    1.2611378209065582,
    1.2605083210993622,
    1.2590715703317674,
    1.259651673042168
  ],
  "pdf_linf": [
    0.04801952838897705,
    0.04572868347167969,
    0.0697980523109436,
    0.06278473138809204,
    0.07857939600944519,
    0.08849778771400452,
    0.07369771599769592,
    0.09724977612495422,
    0.05413620173931122,
    0.09922239184379578,
    0.10084941983222961,
    0.09406483173370361,
    0.07905873656272888,
    0.047126710414886475,
    0.06817382574081421,
    0.04851195216178894,
    0.039543747901916504,
    0.045447707176208496,
    0.12209969758987427,
    0.09144973754882812,
    0.09767916798591614,
    0.05512753129005432,
    0.060744524002075195,
    0.06685516238212585,
    0.07739430665969849,
    0.06482446193695068,
    0.13381177186965942,
    0.10085901618003845,
    0.04168248176574707,
    0.039564549922943115,
    0.024711132049560547,
    0.019770801067352295,
    0.11917224526405334,
    0.05991548299789429,
    0.026990890502929688,
    0.04876837134361267,
    0.07686394453048706,
    0.04534748196601868,
    0.06080484390258789,
    0.041811972856521606,
    0.059503376483917236,
    0.038646817207336426,
    0.03536170721054077,
    0.1393982172012329,
    0.18937432765960693,
    0.035212963819503784,
    0.06236553192138672
  ],
  "cdf_linf": [
    0.029047235344303313,
    0.02855314729058539,
    0.030245869600274866,
    0.03477986702307112,
    0.05140014435628004,
    0.04428814645817869,
    0.04073908089040823,
    0.04788349398135261,
    0.031071784882480857,
    0.04339305547864836,
    0.04218741723378305,
    0.04165802383981376,
    0.027296375030016917,
    0.01974500600810858,
    0.019319065143146852,
    0.022395412521375557,
    0.020455962818452522,
    0.018969944506670444,
    0.024894776601328328,
    0.022308568323573752,
    0.05366863194502275,
    0.013933211385867672,
    0.031141382948430385,
    0.01907965937696421,
    0.03018871618706287,
    0.020029591676755998,
    0.023176971763122944,
    0.020548057717892088,
    0.018695259825391275,
    0.02121905288938586,
    0.012799647643692569,
    0.008975419475850344,
    0.027238154213047622,
    0.024403866576297395,
    0.013822819203753417,
    0.0242596043280765,
    0.016410164356580048,
    0.010898214438266107,
    0.013347425946057867,
    0.02130846427613231,
    0.01221304925603095,
    0.014771846874640282,
    0.014163517614073307,
    0.04218803206908994,
    0.03616619869799592,
    0.022008566799301188,
    0.027711992705643285
  ],
  "epoch_time": [
    3.9790940284729004,
    4.006042003631592,
    3.9744150638580322,
    4.004880905151367,
    3.9964051246643066,
    3.998386859893799,
    4.040287971496582,
    4.060945987701416,
    4.115605115890503,
    4.055495023727417,
    4.050827980041504,
    4.062071084976196,
    4.056683778762817,
    4.0496110916137695,
    4.074105262756348,
    4.082737922668457,
    4.0116260051727295,
    3.9218978881835938,
    3.876323938369751,
    3.9174211025238037,
    3.927051067352295,
    3.987415075302124,
    4.138880014419556,
    4.173316717147827,
    4.139675140380859,
    4.1320672035217285,
    4.1128761768341064,
    4.125360727310181,
    4.125019073486328,
    4.10178279876709,
    4.1335039138793945,
    4.135465145111084,
    4.220200300216675,
    4.08057427406311,
    3.9739391803741455,
    3.9281258583068848,
    3.9416310787200928,
    4.025274991989136,
    3.9569039344787598,
    3.9534380435943604,
    3.945528984069824,
    3.9169652462005615,
    3.9449479579925537,
    4.151375770568848,
    4.1981658935546875,
    4.183143854141235,
    4.145704984664917
  ],
  "lr": [
    0.0001,
    0.0001,
    0.0001,
    0.0001,
    0.0001,
    0.0001,
    0.0001,
    0.0001,
    0.0001,
    0.0001,
    0.0001,
    0.0001,
    0.0001,
    0.0001,
    0.0001,
    0.0001,
    0.0001,
    0.0001,
    0.0001,
    0.0001,
    0.0001,
    0.0001,
    0.0001,
    0.0001,
    0.0001,
    0.0001,
    0.0001,
    0.0001,
    0.0001,
    0.0001,
    0.0001,
    0.0001,
    0.0001,
    0.0001,
    0.0001,
    0.0001,
    0.0001,
    0.0001,
    0.0001,
    0.0001,
    0.0001,
    0.0001,
    0.0001,
    0.0001,
    0.0001,
    0.0001,
    0.0001
  ],
  "best_epoch": 31,
  "best_val_ce": 1.2596299001726055,
  "best_pdf_linf": 0.019770801067352295,
  "best_metric": "pdf_linf"
}