{
  "train_loss": [
    1.3949820625896272,
    1.3321907128008028,
    1.3302932314979383,
    1.3297578861919075,
    1.3294737163824015,
    1.32929293797039,
    1.3292368071528669,
    1.3291502505445634,
    1.3290480417184556,
    1.3289851220651938,
    1.329045600403612,
    1.3288973002388074,
    1.3289088239304174,
    1.328912669096511,
    1.3289161775820553,
    1.328876354823859,
    1.3287681935313411,
    1.328881095011775,
    1.3288649065425981,
    1.3288167315169264,
    1.32877834498311,
    1.3287736245999322,
    1.328869955227398,
    1.3288220829857043,
    1.3287535102222674,
    1.3288634261384178,
    1.3288563322335387,
    1.3287343986499043,
    1.3287688535623277,
    1.3287512985662149,
    1.3287825729138554,
    1.3287314892576907,
    1.3287539649695252,
    1.3287301878578746,
    1.328684940124853,
    1.3286901476284185,
    1.3287869204347507,
    1.328761459920353,
    1.3287406931289087,
    1.328714356635706,
    1.3286995929650987,
    1.3287270594709597,
    1.3287777615050538,
    1.3287383694999135,
    1.3287457818040451,
    1.3287556994075593,
    1.3287013510164742,
    1.328777019589092,
    1.3287468798244342,
    1.3287946309525365,
    1.3286595733021014,
    1.3287407613029114,
    1.3286717924447105,
    1.3287599825630554,
    1.3286965773128474,
    1.3287633832651204,
    1.3287357088095082,
    1.3287091891224774,
    1.328736566126156,
    1.3286712268670908,
    1.3286908133723103,
    1.3286118149376525,
    1.3286984938021285,
    1.3286498564119917,
    1.3286811037185473,
    1.328719306677675,
    1.3287263929653472,
    1.3287155030253597,
    1.328657850289878,
    1.3285909776870435,
    1.3286984404816795,
    1.3287500127816734,
    1.328725930220022,
    1.3286549100479759,
    1.3287752988620307,
    1.3286962676733827,
    1.3286879333063437,
    1.3287123479782201,
    1.328685261190128,
    1.3286372385085963,
    1.3286581618336444,
    1.3287454999673862,
    1.328732092540485,
    1.3287119534068976,
    1.328650468073714,
    1.3286618557981789,
    1.32868311961238,
    1.328701581436986,
    1.3286886478003603,
    1.3287297468215893,
    1.3286824260656827,
    1.3286940247867816,
    1.328684027202594,
    1.3287343639916125,
    1.3287083733196077,
    1.3287456294599052,
    1.3286452316247617,
    1.3287275043158486,
    1.3287352913865647,
    1.3287180658346547
  ],
  "val_loss": [
    1.330857867002487,
    1.3266836315393449,
    1.3257727175951004,
    1.3254689276218414,
    1.325245663523674,
    1.325198683142662,
    1.3249829679727554,
    1.3248256623744965,
    1.3249026149511338,
    1.3247483998537064,
    1.324820601940155,
    1.3246967017650604,
    1.3246660262346268,
    1.3245968997478486,
    1.3248034566640854,
    1.324713897705078,
    1.3249108135700225,
    1.3247200012207032,
    1.3246214658021926,
    1.3247910469770432,
    1.3248214960098266,
    1.3246831476688385,
    1.324475172162056,
    1.3245024293661118,
    1.3245228081941605,
    1.325060361623764,
    1.324512133002281,
    1.3244746774435043,
    1.3244953006505966,
    1.324536183476448,
    1.3245543271303177,
    1.324484258890152,
    1.3244657874107362,
    1.3244833678007126,
    1.3245872169733048,
    1.3245347648859025,
    1.3246473044157028,
    1.3244746446609497,
    1.324727600812912,
    1.324499350786209,
    1.3245901972055436,
    1.3243873178958894,
    1.324548253417015,
    1.3245048224925995,
    1.3244637668132782,
    1.3245448797941208,
    1.3249999731779099,
    1.3245469689369203,
    1.3245423793792725,
    1.3243893384933472,
    1.3244941502809524,
    1.324480602145195,
    1.3244412302970887,
    1.3246231347322464,
    1.3244545757770538,
    1.3245008319616318,
    1.324528667330742,
    1.3244034588336944,
    1.3244341909885406,
    1.324827566742897,
    1.3245231986045838,
    1.3245361983776092,
    1.3246521770954132,
    1.3244635820388795,
    1.324585857987404,
    1.324386513233185,
    1.324709388613701,
    1.3244197875261308,
    1.324425607919693,
    1.3245340764522553,
    1.324578222632408,
    1.3243944138288497,
    1.3244816929101944,
    1.324567013978958,
    1.3244884997606277,
    1.3245103448629378,
    1.3247456282377243,
    1.3244450658559799,
    1.3244090974330902,
    1.324635124206543,
    1.3244624048471452,
    1.3244018018245698,
    1.3244016349315644,
    1.3244719326496124,
    1.3244360357522964,
    1.3245488941669463,
    1.3246832191944122,
    1.3245206862688064,
    1.3244374066591262,
    1.3244390338659286,
    1.324406808614731,
    1.3245766013860703,
    1.3245241731405257,
    1.3244925409555435,
    1.3245294958353042,
    1.3244289189577103,
    1.3247649163007735,
    1.3243988782167435,
    1.3243746489286423,
    1.324529880285263
  ],
  "pdf_linf": [
    0.047185927629470825,
    0.03541716933250427,
    0.03168821334838867,
    0.0301789790391922,
    0.021335408091545105,
    0.025483116507530212,
    0.018379926681518555,
    0.017297834157943726,
    0.015377700328826904,
    0.016284942626953125,
    0.017186999320983887,
    0.012700319290161133,
    0.011368215084075928,
    0.00912448763847351,
    0.011220380663871765,
    0.008244752883911133,
    0.004925429821014404,
    0.011058717966079712,
    0.013077110052108765,
    0.009546563029289246,
    0.005591481924057007,
    0.010165601968765259,
    0.009891331195831299,
    0.007745504379272461,
    0.009636491537094116,
    0.014874845743179321,
    0.012203484773635864,
    0.00887349247932434,
    0.007724761962890625,
    0.009080678224563599,
    0.010877996683120728,
    0.0060821473598480225,
    0.007725268602371216,
    0.009535104036331177,
    0.01032322645187378,
    0.012242764234542847,
    0.012148886919021606,
    0.007922708988189697,
    0.00907754898071289,
    0.008567243814468384,
    0.007182121276855469,
    0.005632340908050537,
    0.007528722286224365,
    0.0059528648853302,
    0.004893481731414795,
    0.008000880479812622,
    0.009391814470291138,
    0.00526195764541626,
    0.0027979761362075806,
    0.003717780113220215,
    0.009153127670288086,
    0.004228472709655762,
    0.006425902247428894,
    0.009226992726325989,
    0.007528334856033325,
    0.00728219747543335,
    0.014896988868713379,
    0.009913653135299683,
    0.00977557897567749,
    0.015991151332855225,
    0.007525801658630371,
    0.003922715783119202,
    0.005079507827758789,
    0.008248209953308105,
    0.009221851825714111,
    0.008627444505691528,
    0.004762828350067139,
    0.012514650821685791,
    0.006478548049926758,
    0.01064521074295044,
    0.010002613067626953,
    0.010696619749069214,
    0.008389830589294434,
    0.014859512448310852,
    0.011745870113372803,
    0.010862857103347778,
    0.009409964084625244,
    0.010560154914855957,
    0.013254910707473755,
    0.010902345180511475,
    0.017009973526000977,
    0.003180205821990967,
    0.010392338037490845,
    0.00744137167930603,
    0.014129817485809326,
    0.007298588752746582,
    0.017919212579727173,
    0.018647044897079468,
    0.006815433502197266,
    0.009588539600372314,
    0.005047023296356201,
    0.017246335744857788,
    0.02222922444343567,
    0.018546253442764282,
    0.012505322694778442,
    0.017734795808792114,
    0.009632788598537445,
    0.016053855419158936,
    0.008594036102294922,
    0.02081093192100525
  ],